video,chunk_id,text,start_time,end_time
lecture1,0," In this Python tutorial, you're going to learn everything you need to know to start programming  in Python.  If you want to learn Python programming for data science, machine learning, or web development,  this Python tutorial is the perfect place to learn Python.  You don't need any prior knowledge in Python or programming in general, I'm going to teach",0.0,18.44
lecture1,1," you everything from scratch.  I'm Moch Hamadani, and I've taught millions of people how to code through this channel.  If you're new here, make sure to subscribe as I upload new videos every week.  Now, let's jump in and get started.  Before we get started, let me give you some ideas about what you can do with Python.",18.44,33.96
lecture1,2," That's a very common question.  Python is a multi-purpose programming language, so you can use it for a variety of different  tasks.  You can use Python for machine learning and AI.  In fact, Python is the number one language for machine learning and data science projects.",33.96,47.0
lecture1,3," Python is also very popular in web development.  Using Python and a framework called Django, you can build amazing websites.  Here are five websites powered with Python and Django.  YouTube, Instagram, Spotify, Dropbox, and Pinterest.  You can also use Python in automation.",47.0,63.12
lecture1,4," With Python, you can save your time and increase your productivity by automating repetitive  tasks.  So, why are you learning Python?  Are you learning it for automation, for data science, or web development?  Let me know in the comments section below.",63.12,77.24
lecture1,5," All right, the first thing I want you to do is to head over to python.org to download  the latest version of Python.  So you go to downloads and select the latest version of Python.  Here in your downloads folder, you should see this package.  Simply double-click it.",77.24,98.12
lecture1,6," You're going to see this Python installer.  If you're on Windows, you will see this checkbox over here.  Add Python to path.  Make sure to check it.  It's really important.",98.12,107.52
lecture1,7," Otherwise, you're not going to be able to follow this tutorial.  Simply click on continue.  Again, one more time.  Agree with the terms and install the latest version of Python.  Now here you need to enter the username password of your computer.",107.52,124.08
lecture1,8, So let's do that real quick.  Next you need to install a code editor.  We use a code editor to write our code and execute it.  The most popular code editor for Python is PyCharm.  You can get it from jetbrands.com slash PyCharm.,124.08,141.52
lecture1,9," You can get it from the website.  Click on download.  You should see two different editions.  One is the professional edition, which is commercial.  And we also have this community edition, which is free and open source.",141.52,154.24
lecture1,10," So we're going to download the community edition.  Now in your downloads folder, you should have this package.  Let's double-click it.  If you're on Windows, you're going to see an installation wizard.  So simply click on the next button until you install PyCharm.",154.24,172.32
lecture1,11," If you're on a Mac, you need to drag this PyCharm and drop it onto the application's folder.  Now let's open it.  The first time you open PyCharm, you have to configure a few settings.  We don't want to spend time on this.  So over here, you're going to click on skip remaining and set defaults.",172.32,194.48
lecture1,12," Now let's create a new project.  Over here, we can specify the location and the name of our Python project.  So let's append hello world to this path.  This is where our Python project is going to be saved.  So let's click on create.",194.48,212.68
lecture1,13," In this window, you can see the content of our project.  So here's our hello world project.  Currently we have only one folder inside this project, that is vn, which is short for  virtual environment.  We'll talk about virtual environments in the future.",212.68,225.64
lecture1,14, So currently we don't have any Python files inside this project.  A real application can consist of tens or hundreds or even thousands of Python files.  So let's right click on the project name and go to new Python file.  We're going to call this file app.  Now we can collapse this project window by clicking on this icon.,225.64,247.8
lecture1,15," So now we have more space.  Let's write our first Python code.  We're going to write print all in lowercase, then add parenthesis, then add quotes, either  single quotes or double quotes.  And inside this code, we're going to write hello world.",247.8,263.84000000000003
lecture1,16," So this is what we call a string.  A string means a string or sequence of characters.  In simple words, that means textual data.  So in Python and in many other programming languages, whenever we're dealing with textual  data, we should always surround our text with quotes.",263.84000000000003,280.92
lecture1,17," In Python, we can use single or double quotes.  Now this print you see here is a function built into Python and we can use it to print  a message on our application window.  So let me show you how to run this code.  On the top, we go to the run menu and then select run.",280.92,298.64
lecture1,18," Note that there is a shortcut associated with this command.  I always use shortcuts because they increase my productivity.  So let's click on this.  Now select app and over here, you can see this little window.  This is what we call the terminal window and it shows the output of our program.",298.64,317.04
lecture1,19," So here's the hello world message printed in the terminal window.  Now, as you learn more Python, you will learn how to build applications that have a graphical  user interface.  That's an advanced topic.  So for now, let's not worry about it.",317.04,329.0
lecture1,20," All right.  Now let's talk about variables.  We use variables to temporarily store data in a computer's memory.  For example, we can store the price of a product or someone's name, their email, their  age, and so on.",329.0,347.08000000000004
lecture1,21," Let me show you.  So to declare a variable, we start by typing a name for that variable.  Let's say age, then yet, and equals sign, and then we type a value.  Let's say 20.  So with this, we're storing the number 20 somewhere in our computer's memory and we",347.08000000000004,363.84
lecture1,22," are attaching this age as a label for that memory location.  So now we can read the value at this memory location and print it on the terminal.  So instead of printing a little world, we want to print the value of the age variable.  So I'm going to delete what we have inside parentheses and type age.  Note that I'm not adding quotes because if I run this program, we'll see the text age",363.84,388.84
lecture1,23," on the terminal.  We don't want that.  We want the value of the age variable.  So let's remove the quotes and print the value of the age variable.  Now here on the tool more, you can click on this play icon to run your program or you",388.84,403.72
lecture1,24," can use the shortcut that I showed you in the last video.  So the shortcut is over here on the Mac, that's control, shift, and R.  So there you go.  Now you can see the value of the age variable.  We can also change the value of a variable.",403.72,420.8
lecture1,25," For example, on line 2, we can set age to 30.  Now when we run our program, we see 30.  So as you can see, our program gets executed from top to bottom.  So this is how we can declare and use a variable.  Now let's look at a few more examples.",420.8,438.12
lecture1,26," So I'm going to declare another variable called price and set it to 19.95.  So in Python, we can use numbers with a decimal point or whole numbers.  We can also declare a variable and assign it a string value.  So let's say first, underline name.  So if you want to use multiple words in the name of a variable, we should separate them",438.12,462.84
lecture1,27, using an underscore.  This makes our code more readable.  See what would happen if I didn't use this underline.  This is not easily readable.  So we always separate multiple words by an underscore.,462.84,476.36
lecture1,28," Now we set this to a string.  So we can use single quotes or double quotes.  Let's say march.  We also have a special type of value called a Boolean value, which can be true or false.  That is like yes or no in English.",476.36,490.68
lecture1,29, Let me show you.  So I'm going to declare another variable called is online and set it to true.  We could also set it to false.  What we have here is called a Boolean value.  Now note that Python is a case sensitive language.,490.68,506.96
lecture1,30," So it's sensitive to lowercase and uppercase letters.  In this case, if I use a lowercase f, we can see an error over here because this is not  recognized in Python.  So false with a capital F is a special keyword in Python that represents the Boolean false  value.",506.96,525.48
lecture1,31, So this is how we can declare and use variables in Python.  Now here's a little exercise for you.  Imagine we want to write a program for a hospital.  So we're going to check in a patient named John Smith.  He's 20 years old and is a new patient.,525.48,539.56
lecture1,32," I want you to declare a few variables to store these values.  Use the common box below to share your code with others.  In this tutorial, I'm going to show you how to receive input from the user.  So in Python, we have another built-in function called input.  We use this to read a value from the terminal window.",539.56,563.0400000000001
lecture1,33, Let me show you.  So we add parenthesis.  Then we type a string.  Here we can type a message like what is your name?  We had a question mark followed by a space.,563.0400000000001,574.44
lecture1,34, You will see why we need this space in a second.  So let's run this program.  We get this message.  Now we have to enter a value.  So we click over here.,574.44,584.5200000000001
lecture1,35," We can see that the carrot is separated from the question mark.  This is because of the white space that we added over here.  So now we have to type a value, let's say John.  When we press enter, this function will return the value that we entered in the terminal  window.",584.52,601.1999999999999
lecture1,36, So we can get that value and store it in a variable.  So let's declare a variable called name and set it to the return value of the input  function.  Now we can print a greeting message for this user.  So we use the print function.,601.1999999999999,616.84
lecture1,37," We say hello.  We have a space.  Now after this string, we want to add the value of the name variable.  So we use a plus sign and then type name.  What we are doing here is called string concatenation.",616.84,631.6
lecture1,38, So we are combining this string with another string.  Now let's run a program and see what happens.  So what is your name?  Marsh.  Now we get this message.,631.6,642.08
lecture1,39," Hello, Marsh.  So this is how we can use the input function in Python.  We have learned about the three types of data in Python.  We have numbers, strings and bullies.  That there are times you want to convert the value of a variable from one type to another.",642.08,663.52
lecture1,40, Let me show you.  So we are going to use our input function to read the user's birth here.  So enter your birth here.  Now this input function is going to return a value.  So we can store it in a variable called birth on the line here.,663.52,682.08
lecture1,41, Okay.  Now let's write code to calculate the age of this user.  So we write an expression like this.  Currently we are in the year 2020.  So 2020 minus birth year.,682.08,694.36
lecture1,42," This expression or piece of code is going to produce a value.  So once again, we can store that value in a variable.  Let's call that variable age.  Now let's print age on the terminal.  Let's turn on a program and see what happens.",694.36,709.64
lecture1,43," So my birth year is 1982.  Enter.  Oops, our program crashed.  So whenever you see this red message, that indicates an error.  So this error occurred in this file.",709.64,722.2399999999999
lecture1,44, That is our app.py online to right below that.  You can see the piece of code that generated this error.  So that is this expression 2020 minus birth year.  Now below that you can see the type of error.  So here we have unsupported types or subtraction.,722.2399999999999,741.76
lecture1,45," We have int and stir.  What are these?  But this int is short for integer and that represents a whole number in programming.  So 2020 is an example of an integer.  The birth year is an example of a string because whenever we call the input function, this",741.76,760.88
lecture1,46," function will return a value as a string.  Even if we enter a number, in other words, when I entered 1982, this input function return  a string with these characters 1982.  So this string is different from the number 1982.  There are completely different types.",760.88,779.52
lecture1,47," So in this case, let me delete these lines.  The reason we got this error is that we tried to subtract a string from an integer.  So our code looked like this 1982.  Now Python doesn't know how to subtract a string from an integer.  So to solve this problem, we need to convert this string from an integer.",779.52,801.2800000000001
lecture1,48," Now in Python, we have a bunch of built-in functions for converting the types of our variables.  So we have this int function.  We can pass our birth year to it.  In this return, the new make representation of the birth year.  So to solve this problem, we need to replace the string with the int function.",801.2800000000001,824.08
lecture1,49," So let's see what's going on here.  On the first line, we call the input function.  This returns a string.  On the second line, we pass this string to our int function.  The int function will return the new make representation of the birth year.",824.08,838.4
lecture1,50, We subtract it from 2020.  We get the age and store it in the age variable.  Now let's run our program.  So 1982 and there you go.  I'm 38 years old.,839.12,851.6
lecture1,51, So this is how the int function works.  Now we also have another built-in function called float.  That is for converting a value to a floating point number.  A floating point number in Python and other programming languages is a number with a decimal point.  So 10 is an integer and 10.1 is a float.,851.6,871.96
lecture1,52," So we have int, we have float, and we also have pool for converting a value to a boolean.  And finally, we have stir for converting a value to a string.  So these are the built-in functions for converting the type of our variables.  Now here's a little exercise for you.  I want you to write a basic calculator program.",871.96,893.72
lecture1,53," So here we have to enter two numbers.  We can type a whole number or a number with a decimal point.  And then our program will print that some of these two numbers.  So pause the video, spend two minutes on this exercise, and then see my solution.  All right, first we're going to call our input function to read the first number.",893.72,915.12
lecture1,54, We get the result and store it in a variable called first.  Now let's declare another variable called second and read the second number.  Now we calculate the sum.  So that is first plus second.  Now let's see what happens when we print some on the terminal.,915.12,935.72
lecture1,55," So I enter 10 and 20, but instead of 30, we get 10, 20.  This is because we're combining or concatenating two strings.  So as I told you before, the input function returns a string.  So this line will be equivalent to first equals 10,  you're dealing with a string, not an integer.",936.84,959.56
lecture1,56," Similarly, second is going to be 20 as a string.  So when we combine two strings, 10 plus 20, we'll get 10, 20.  Because we're dealing with textual data, okay?  So to solve this problem, we need to convert the values we read  to their new macro presentation.",959.56,980.04
lecture1,57," So over here, we're going to pass first to our int function.  And here as well.  Now let's run our program.  So we enter 10 and 20, we get 30.  What if we enter a floating point number?",980.12,996.48
lecture1,58," So 10.1 and 20.  You got an error.  So to solve this problem, we need to treat both these values as floats.  So instead of the int function, we're going to use the float function.  Now let's run our program one more time,",996.48,1015.56
lecture1,59, we enter a whole number and a floating point number.  So the result is correct.  Now let's add a label over here.  So sum is plus sum.  Let's run our program one more time.,1015.56,1030.84
lecture1,60," 10 and 20.  Once again, we got an error.  The error is saying that Python can only concatenate strings,  not float to strings.  So on line four, we have a string.",1030.84,1043.84
lecture1,61," We're concatenating this with a float,  because the result of this expression is a floating point number.  We're adding two floats, so the result is a float as well.  So Python doesn't know how to evaluate code like this.  It doesn't know how to concatenate a float to a string.",1043.84,1063.6
lecture1,62," To solve this problem, we need to convert sum to a string.  So this is where we use the stir function.  Now let's run the program again.  So 10 plus 20.1, and here's the result.  And one last thing.",1063.6,1079.76
lecture1,63," In this example, I'm calling the float function.  At the time, we want to calculate the sum of these two numbers,  but this is not a requirement.  We can call the float function over here.  So this input function returns a string.",1079.76,1093.4399999999998
lecture1,64," We can pass that string to our float function.  Take a look.  So float, parenthesis, like this.  So the value that we're passing to the float function  is the value that is returned from the input function.",1093.44,1107.04
lecture1,65," Similarly, we call the float function over here.  Now, we can change this expression to first plus second.  That is another way to write this piece of code.  So type conversion is important in Python  and other programming languages.",1107.04,1124.28
lecture1,66," There are times you need to convert the type of variable  to a different type.  In this tutorial, I'm going to show you a bunch of cool things  you can do with strings in Python.  So let's start by declaring a variable called course",1124.28,1141.9199999999998
lecture1,67," and set it to Python for beginners.  Now, this string that we have over here is technically an object.  An object in Python is like an object in the real world.  As a matter of four, think of the remote control of your TV.  This remote control is an object, and it has a bunch of capabilities.",1141.9199999999998,1159.68
lecture1,68," It has a bunch of buttons for turning your TV on,  turning it off, changing the volume, and so on.  Like this program, this course variable  is storing a string object.  This string object has a bunch of capabilities.",1159.68,1171.72
lecture1,69," So if you type course dot,  you can see all the capabilities available in a string object.  These are basically functions that you can call,  just like the print or input functions.  The difference is that the print and input functions",1171.72,1185.4
lecture1,70," are general purpose functions.  They don't belong to a particular object,  but the functions you see over here are specific to strings.  Now, more accurately, we refer to these as methods.  So when a function is part of an object,",1185.4,1198.56
lecture1,71," we refer to that function as a method.  So let's look at a few examples.  Here we have a function or a method called upper,  and we use that to convert a string to upper case.  So if we print course dot upper,",1198.56,1212.64
lecture1,72," and front is program,  you can see our course in upper case.  Pretty useful.  Now, what you need to understand here  is that this upper method does not change our original string.",1212.64,1223.32
lecture1,73," It will return a new string.  So right after this, if we print course,  you can see that our course variable is not affected.  So the upper method returns a new string.  As similarly, we have another method called lower",1223.32,1239.76
lecture1,74," for converting a string to lower case.  We have a method called find to see for a string  contains a character or a sequence of characters.  For example, here we can pass why,  and this will return the index of the first occurrence",1239.76,1254.4
lecture1,75," of why in our string.  So in Python, the index of the first character  in a string is zero.  So here we have zero, one, two, three, four, and so on.  So when we run this program,",1254.4,1265.56
lecture1,76," you're going to see one on the terminal  because the index of why is one.  Take a look.  First, I'm going to delete this line.  You don't need it anymore.",1265.56,1273.96
lecture1,77," Also, let's delete this line.  Let's run the program.  There you go.  As I told you before,  Python is sensitive to lower case and uppercase letters.",1273.96,1284.96
lecture1,78," So if I pass an uppercase why here,  this find method returns negative one  because we don't have an uppercase why in this string.  We can also pass a sequence of characters,  for example, four.",1284.96,1298.12
lecture1,79," So this will return the index of the word four.  Take a look.  So it's seven.  Now, there are times we want to replace something  in a string with something else.",1298.12,1308.8000000000002
lecture1,80," To do that, we use the replace method, replace.  So we can replace four with a string  containing the number four.  Take a look.  So Python for beginners.",1308.8000000000002,1322.36
lecture1,81," Obviously, if you look for a character  or a sequence of characters that don't exist in our string,  nothing is going to happen.  For example, if we tried to replace X with four,  obviously we don't have X here.",1322.36,1334.1999999999998
lecture1,82," So nothing is going to happen.  Also, just like the upper method,  the replace method is not going to modify our original string.  So it's going to return a new string.  This is because strings in Python",1334.1999999999998,1346.56
lecture1,83," and many other programming languages are immutable.  We cannot change them once we create them.  Whenever we want to change our string,  we'll end up with a new string object in memory.  Now, one last thing I want to cover in this tutorial,",1346.56,1359.0
lecture1,84, there are times you want to see  if your string contains a character  or a sequence of characters.  One way to do that is using the fine method  that we talked about.,1359.0,1367.6
lecture1,85," So let's see if our string contains Python.  Now, when we run this program,  that is the index of the first occurrence of the word  Python in our string.  That in Python, we can also use the in operator.",1367.6,1382.76
lecture1,86," So we can write an expression like this.  We type a string, Python, then we type in.  This is a special keyword in Python.  This is what we call the in operator.  So after that, we type the name of our variable.",1382.76,1398.96
lecture1,87," So with this expression, we're checking to see  if we have Python in course.  As you can see, Python code is very readable.  It's like plain English.  So when we run this program,",1398.96,1409.88
lecture1,88," instead of seeing the index of the first occurrence  of Python, we see a Boolean value.  This is more desirable in a lot of cases.  Next, we're going to look at arithmetic operations.  In this tutorial, I'm going to show you",1409.88,1427.4
lecture1,89," the arithmetic operators that we have in Python.  These are the same arithmetic operators  that we have in math.  For example, we can add numbers,  we can subtract them, multiply them, and so on.",1427.4,1437.72
lecture1,90," So let's print 10 plus 3.  When we run this program, we have 13.  So this is the addition operator.  We also have subtraction.  We have multiplication and division.",1437.72,1451.24
lecture1,91," Now, technically, we have two different types  of division operators.  We have a division with one slash and another  with two slashes.  Let's look at the differences.",1451.24,1460.28
lecture1,92," If you use a single slash, we get a floating point number  that is a number with a decimal point.  But if you use double slashes, we get an integer, a whole number.  We also have the modulus operator that  is indicated by a person sign.",1460.28,1477.0
lecture1,93," And this returns the remainder of the division of 10 by 3.  So that is 1.  And finally, we have the exponent operator  that is indicated by two asterisks.  So this is 10 to the power of 3.",1477.0,1490.96
lecture1,94," So when we run this, we get 1,000.  For all these operators that you saw,  we have an augmented assignment operator.  Let me explain what it means.  So let's say we have a variable called x.",1490.96,1503.92
lecture1,95," And we set it to 10.  Now we want to increment the value of x by 3.  So we have to write code like this.  x equals x plus 3.  When it pies on executes this code, it's",1503.92,1515.16
lecture1,96," going to evaluate this expression or this piece of code.  The result of this expression is 10 plus 3, which is 13.  Then it will store 13 in the x.  Now there is another way to achieve the same result  using less code.",1515.16,1528.84
lecture1,97, We can type x plus equal 3.  What we have on line 3 is exactly identical  to what we have on line 2.  So what we have here is called the augmented assignment  operator.,1528.84,1541.56
lecture1,98," So we have this assignment operator,  but we have augmented or enhanced it.  And here we can also use subtraction  to decrease the value of x by 3.  We can use multiplication and so on.",1541.56,1554.44
lecture1,99," So these are the arithmetic operators in Python.  All right, let me ask you a question.  I'm going to declare a variable called x.  And set it to 10 plus 3 times 2.  What do you think is the result of this expression?",1554.44,1572.68
lecture1,100," This is a basic math question that unfortunately,  a lot of people fail to answer.  The answer is 16.  Here is the reason.  In math, we have this concept called operator precedence.",1572.68,1583.96
lecture1,101, And that determines the order in which these operators  are applied.  So multiplication and division have a higher order.  So this part of the expression gets evaluated first.  So 2 times 3 is 6.,1583.96,1596.48
lecture1,102," And then the result is added to 10.  That is why the result of this expression is 16.  Now in Python, operator precedence is exactly like math,  but we can always change it using parenthesis.  For example, in this expression, if it",1596.48,1610.28
lecture1,103," was 10 plus 3 to be evaluated first,  we can wrap it in parenthesis.  So like this.  Now when we execute this code, we're  going to see 26, because 10 plus 3 is 13.",1610.28,1623.44
lecture1,104, And that divided by 2 is 26.  Let's verify this.  So print x and we get 26.  So you learn about the arithmetic operators  in Python.,1623.44,1638.84
lecture1,105," Now in Python, we have another set of operators  called comparison operators.  We use these operators to compare values.  Let me show you.  So I'm going to declare a variable called x",1638.84,1649.48
lecture1,106," and set it to an expression like this.  3 is greater than 2.  So what we have here, this piece of code,  this expression is called a Boolean expression,  because it produces a Boolean value.",1649.48,1661.92
lecture1,107," So in this case, because 3 is greater than 2,  the result of this expression is the Boolean true.  So if we print x, we get true on the terminal.  So here is the greater than operator.  We also have greater than or equal to.",1661.92,1678.6799999999998
lecture1,108," We have less than or equal to.  Here is the equality operator, which  is indicated by two equal signs.  Do not confuse this with a assignment operator.  So here we're comparing 3 and 2 for equality.",1678.6799999999998,1693.04
lecture1,109," So if we run our program, we see false,  because 3 does not equal to 2.  So here is the equality operator.  We also have the not equality operator  that is indicated by an exclamation mark",1693.04,1706.76
lecture1,110," followed by an equal sign.  So let's quickly recap.  Here are the comparison operators we have in Python.  Greater than or equal to, less than or equal to,  equal and not equal.",1706.76,1721.8000000000002
lecture1,111, These operators are extremely important  in real Python programs.  Because quite often we have to compare values  to evaluate certain conditions.  We're going to see that soon.,1721.8000000000002,1730.04
lecture1,112," In Python, we have another set of operators  called logical operators.  We use these operators to build complex rules and conditions.  Let me show you.  So I'm going to declare a variable called price,",1736.44,1747.68
lecture1,113, instead of 25.  Now let's print a Boolean expression like this.  Price is greater than 10.  Now let's say we want to check to see  if the price is between 10 and 30.,1747.68,1760.36
lecture1,114," This is where we use the logical and operator.  So we type and, and right after that,  we type another Boolean expression.  So price less than 30.  So with this and operator, if both these Boolean expressions",1760.36,1775.0
lecture1,115," return true, the result of this entire expression  will be true.  Take a look.  So, and this gets to be true.  Because the price is between 10 and 30 dollars.",1775.0,1786.84
lecture1,116," We also have the or operator.  With the or operator, if at least one of these Boolean expressions  returns true, then the result of this entire expression  will be true.  To demonstrate this, I'm going to change price to 5.",1786.84,1801.92
lecture1,117," Let's see how Python is going to execute this code.  So first, it's going to look at this Boolean expression.  Is price greater than 10?  No, it's not.  So it will keep going.",1801.92,1811.8
lecture1,118, Then it will look at the second Boolean expression.  Is price less than 30?  It sure is.  So the result of this entire expression  will be true.,1811.8,1819.8
lecture1,119," Take a look.  There you go.  We also have the not operator, which basically  inverses any values that you give it.  Let me show you.",1819.8,1828.84
lecture1,120," So we're going to have one Boolean expression,  price greater than 10.  The result of this expression is false.  Now, if you apply the not operator,  this will inverse false to true.",1828.84,1842.64
lecture1,121," So when we run the program, we get true.  So let's quickly recap.  In Python, we have three logical operators.  We have logical and which returns true.  If both expressions return true, we have logical or which",1842.64,1856.88
lecture1,122," returns true, if at least one expression returns true.  And we have not which inverses any value that we give it.  In this tutorial, we're going to talk about if statements  in Python.  We use if statements to make decisions in our programs.",1856.88,1876.88
lecture1,123," For example, we can declare a variable called temperature.  And depending on the value of this variable,  we can print different messages on the terminal.  Let me show you.  So here's our temperature variable.",1876.88,1887.84
lecture1,124," We set it to 35.  Now, let's say if temperature is greater than 30,  we want to print a message saying it's a hot day.  So we type if then we type a condition.  And this is where we use our comparison operators.",1887.84,1902.28
lecture1,125," So we type temperature greater than 30.  Then, so we have a colon and see what happens when  it press Enter now.  The character is indented.  And this represents a block of code.",1902.28,1915.8
lecture1,126," So the code that we write over here  will be executed if this condition is true.  Otherwise, it's not going to be executed.  Let me show you.  So we're going to print.",1915.8,1926.8
lecture1,127," It's a hot day.  And by the way, note that here, I've  surrounded the string with double quotes.  Because here we have a single quote as an apostrophe.  So I couldn't declare a string like this with single quotes.",1926.8,1940.08
lecture1,128," If I typed, it's a hot day, look, Python gets confused.  Because it thinks this single code represents the end  of our string.  So it doesn't recognize the subsequent characters.  So that's why we use double quotes here.",1940.08,1956.76
lecture1,129," So we can have an apostrophe in our string.  So it's a hot day.  Now, if I press Enter again, the character is indented.  So the code that we write here will be part of our if block.  And it will get executed if this condition is true.",1956.76,1971.8
lecture1,130," So here we can print a second message, drink plenty of water.  Now to determine that this block, we press Enter,  and then press Shift and Tab.  The character is no longer indented.  So the code that we write here will always",1971.8,1987.52
lecture1,131," get executed no matter what, whether this condition is true  or not.  Now, in C-based programming languages, like C++, C-sharp, Java,  and JavaScript, we represent a block of code using curly braces.  So you start a block of code using a left brace",1987.52,2004.76
lecture1,132," and then end it using a right brace.  In Python, we don't have curly braces.  So we use indentation to represent a block of code.  So in this case, these two lines are indented,  and that means they are part of this block of code.",2004.76,2021.16
lecture1,133," Now, let's run the program and see what happens.  So we see these two messages because the temperature  is greater than 30.  Now, if I change the temperature to 25  and run the program again, we don't see anything.",2021.16,2037.16
lecture1,134," Now, after this block, let's print done.  Because this code is not indented,  it will always get executed.  It's not part of our if block, OK?  So take a look.",2037.2,2049.44
lecture1,135," Here's the done message.  Now, let's add a second condition.  So if temperature is not greater than 30,  that means it's less than or equal to 30.  So I'm going to add a second condition.",2049.44,2063.48
lecture1,136," So if the temperature is between 20 and 30,  I want to print. It's a nice day.  So here we type L if, that is short for L's if,  and here we type a second condition.  So temperature greater than 20.",2063.48,2079.64
lecture1,137," We add a colon, presenter.  Now we have a new block.  So here we can print.  It's a nice day.  So if this condition is true, that means the temperature",2079.64,2092.32
lecture1,138," is greater than 20, and less than or equal to 30.  Now, what we have here is called a comment.  That is why it's grayed out.  It's not real code.  It's just some note that we add to our program.",2092.32,2103.7200000000003
lecture1,139," Python is not going to execute this.  So whenever we type a pound sign,  what we have after is treated as a comment, OK?  So if this condition is true,  then we're going to see this message on the terminal.",2103.7200000000003,2116.36
lecture1,140, Let's run our program and verify this.  There you go.  The temperature is 25.  That's why we see this message.  Now we can have as many conditions as we want.,2116.36,2126.2000000000003
lecture1,141," There are no limitations, OK?  So let's add another condition.  L if temperature is greater than 10,  then we're going to print.  It's a bit cold.",2126.2000000000003,2139.56
lecture1,142," Now in this case, if this condition is true,  that means the temperature is greater than 10  and less than or equal to 20.  Now finally, if the temperature is less than 10,  let's print a message saying it's a cold day.",2139.56,2153.28
lecture1,143," So here we type else, then we add a colon,  and now we have a new block.  So this code will get executed if none of the above conditions  are true.  So here we can print.",2153.28,2168.08
lecture1,144, It's called.  So this is how we use if statements  to make decisions in our programs.  Here's a great exercise for you to practice what you have learned so far.  I want you to write a weight converter program like this.,2168.08,2187.32
lecture1,145," So this program is asking me my weight.  I enter 170.  Next, it's asking me if the weight is in kilograms or pounds.  So I can type K for kilograms or L for pounds.  I can type L or an upper case L.",2187.32,2202.6
lecture1,146, It doesn't matter.  So let's go with a lower case L.  Now it tells me weight in kilogram is 76.5.  So go ahead and spend five minutes on this exercise.  You can use the comment box below to share your code with others.,2202.6,2217.24
lecture1,147," And then when you're done, come back to my solution.  So first we call our input function to ask the first question.  Weight.  We get the result and store it in a variable called weight.  Next we call the input function one more time to ask the second question.",2217.24,2236.64
lecture1,148, Is this in kilogram or pounds?  We get the result and store it in a variable called unit.  This is where we're going to use an if statement.  So we want to check to see if unit equals K.  Then we should convert the weight to pounds and print it on a terminal.,2236.64,2258.2000000000003
lecture1,149," However, with this code, if I type L or a case K,  this condition is not going to be true because earlier I told you that Python is a case sensitive  language.  So we need to convert this string to upper case.  Earlier we talked about string methods.",2258.2000000000003,2273.84
lecture1,150," So if you type dot, we can see all the functions or methods available in a string object.  So we use the upper method and this returns a new string in upper case.  Now if this condition is true, first we need to convert the weight to pounds.  So we declare a new variable called converted, get the weight and divide it by 0.45.  And then we can print this on a terminal.",2273.84,2300.0
lecture1,151," So we say weight in pounds is then we append converted.  Now to terminate this block, we press shift and tap else colon.  So if this condition is not true, that means the weight was entered in pounds.  So we need to convert it to kilograms.  Once again, we declare a variable converted and set it to weight times 0.45.",2300.0,2328.08
lecture1,152," And then we print weight in kilograms.  And here we concatenate this string with converted.  All right, now we need to terminate this block.  So we press enter then shift and tap good.  Now if you run this program, we're going to see an error.",2328.08,2345.0
lecture1,153," Let me show you.  So let's run it.  Here I'm going to enter 170.  Then I type at lower case L. Okay, here's an error.  Can't multiply sequence by non-ant of type float.",2345.0,2359.52
lecture1,154," So this is where we got this error when we tried to multiply the weight by 0.45.  So that is line seven in our code.  Now the reason this is happening is because the weight variable is storing a string object.  Because earlier I told you, the input function always returns a string.  So here we need to convert the weight to a number.",2359.52,2383.0
lecture1,155," We can either use the end or the float function.  Let's run the program one more time.  So 170 in pounds.  Here's a second error.  Can only concatenate string, not float to string.",2383.0,2399.4
lecture1,156," And that error occurred over here.  And we tried to print the weight in kilograms.  So look at line seven.  In this case, weight is an integer.  We are multiplying an integer by float and the result of this operation is going to be",2399.4,2415.0
lecture1,157," a float.  Now on line eight, we are trying to concatenate or combine a string with a float.  And Python doesn't know how to execute this code.  To solve this problem, we need to convert this flow to a string.  So here we use the built-in stir function.",2415.0,2432.76
lecture1,158, Let's run the program and see what happens.  So 170 in pounds.  And here's my weight in kilograms.  Now let's try entering a weight in kilograms.  So running one more time.,2432.76,2446.0400000000004
lecture1,159," Let's say 76 kilos.  Here we get a familiar error.  Can only concatenate string to string, not float.  So this error occurred, a line five, where we tried to concatenate a string to float.  So once again, we need to convert this to a string object.",2446.0400000000004,2466.56
lecture1,160," Now let's run the program one more time.  76 kilos is equal to 168 pounds.  Hey guys, I just wanted to let you know that I have an online coding school at code  with marsh.com, where you can find plenty of courses on web and mobile development.  In fact, I have a comprehensive Python course that teaches you everything about Python",2466.56,2487.88
lecture1,161," from the basics to more advanced concepts.  So after you watch this tutorial, if you want to learn more, you may want to look at my  Python course.  It comes with a 30-day money back guarantee and a certificate of completion you can add  to your resume.",2487.88,2499.56
lecture1,162," In case you're interested, the link is below this video.  In this tutorial, we're going to talk about why loops in Python.  We use why loops to repeat a block of code multiple times.  For example, let's say you want to print the numbers one to five.  A poor way of doing this is writing code like this.",2499.56,2519.92
lecture1,163," Print one, then print two, print three, print four, and print five.  Now why is this a bad approach?  Well, what if we wanted to print the numbers one to one million?  We don't want to write one million lines of code each line printing a number.  This is where you use why loops.",2519.92,2537.0
lecture1,164," So we start off by declaring a variable like I and steady to our initial number.  Let's say one.  Then we type while and here we type a condition.  So once again, we can use our comparison operators.  Let's say I less than five, less than or equal to five.",2537.0,2554.32
lecture1,165," As long as this condition is true, then the code that we write inside of the wild block  will get executed.  So here we type a colon and press enter.  Now we have a block of code.  In this block, we can print I and then we need to increment I by one.",2554.32,2570.8
lecture1,166," So we said I to I plus one.  If we don't do this, I will always be one.  And this block of code will get executed indefinitely.  It will never terminate.  Basically our program will continue running until it runs out of memory.",2570.8,2585.6800000000003
lecture1,167," So in the first iteration, I is one is less than five.  So Python is going to execute this block of code.  It will print one on the terminal and then I becomes two.  Then the control moves back over here.  So Python evaluates this condition.",2585.6800000000003,2601.28
lecture1,168," Two is less than or equal to five.  So the condition is true.  And once again, Python is going to execute this block one more time.  In the second iteration, we're going to see two on the terminal and then I will become  three.",2601.28,2613.96
lecture1,169, So this will continue until this condition is no longer true.  Let me show you.  So let's run this program.  Now we see the numbers one to five.  So this is the beauty of wild loops.,2613.96,2625.88
lecture1,170," Now I can easily change five to one thousand.  And by the way, I'm separating these three digits using an underscore.  This makes my number more readable.  We don't have to add this, but it just makes our code more readable.  So let's run the program.",2625.88,2641.24
lecture1,171, Now we see the numbers one to one thousand.  It's much easier than one thousand lines of code each printing a number.  Okay.  Now let me show you something really cool.  So I'm going to change this to ten.,2641.24,2655.04
lecture1,172," Now instead of printing I, I want to print an expression.  So I'm going to multiply I by a string and asterisk.  Now you might be confused here because earlier I told you that in Python, we cannot concatenate  the number to a string.  But here I'm using the multiplication operator.",2655.04,2673.28
lecture1,173," Well, this is different.  We can multiply a number by a string.  And this will repeat that string based on the value of that number.  So if I is one, we're going to see one asterisk.  If I is five, we're going to see five asterisk.",2673.28,2687.84
lecture1,174," Let me show you.  So let me run this program.  We see this triangle shape because in the first iteration, I is one.  So we see one asterisk.  In every iteration, I is incremented by one.",2687.84,2701.2000000000003
lecture1,175," So we see one extra asterisk.  And finally in the last iteration, I is ten.  And we see ten asterisk on the terminal.  So you have learned about three types of data in Python.  We have numbers, which can be integers or floats.",2701.2000000000003,2721.8
lecture1,176," We have Booleans and Strings.  These are what we refer to as primitive or basic types in Python.  Now in Python, we have a bunch of complex types as well.  These complex types are very useful in building real applications.  In this tutorial, we're going to talk about lists.",2721.8,2739.04
lecture1,177," Whenever we want to represent a list of objects, like a list of numbers or a list of names.  Let me show you.  So I'm going to declare a variable called names and steady to a list of names.  So here we add square brackets to represent a list.  And now we can add one or more objects inside this list.",2739.76,2758.32
lecture1,178," In this list, we add a bunch of names like John, Bob, Marsh, Sam and Mary.  So we separate these elements with items using a comma.  OK.  Now, let's print our list, so print names.  Take a look.",2758.32,2776.44
lecture1,179," It comes out exactly like how we wrote it.  Now we can also get individual elements in this list.  For example, if you want to get the first element in this list,  here we type a pair of square brackets.  And inside the square brackets, we type an index.",2776.44,2792.2
lecture1,180," The index of the first element in this list is zero.  So now when we run this program, we're going to see John on the terminal.  There you go.  Now, in Python, we can also use a negative index.  This is a feature that I personally have not seen in other programming languages.",2792.2,2809.04
lecture1,181," So if zero represents the first element in this list,  what do you think negative one represents?  It represents the last element in this list.  Let's verify it.  So let's run the program.",2809.04,2822.48
lecture1,182," And here's Mary.  What about negative two?  Well, that represents the second element from the end of the list.  So let's run the program.  And here's the.",2822.48,2836.0
lecture1,183," That we can also change an object at a given index.  For example, let's take here we made a mistake.  And this John should not be spelled with an H.  So we need to reset it.  We type names of zero.",2836.0,2849.36
lecture1,184," Now we treat this like a regular variable.  So we set it to a new value.  We set it to John, within an H.  Now let's print our list.  And here's our updated list.",2849.36,2860.36
lecture1,185," Beautiful.  We can also select a range of values.  For example, let's say we're only interested in the first three names.  So over here, we type square brackets.  And here we need to type two indexes.",2860.36,2874.04
lecture1,186," A start index and an end index.  Our start index is zero because we want to start from here.  And our end index is going to be zero.  One, two plus one.  That's going to be three.",2874.04,2887.4
lecture1,187," So we added colon three.  So Python is going to return all the elements from the start index up to the end index,  but excluding the end index.  So it's going to return the elements at index zero, one and two.  Take a look.",2887.4,2904.84
lecture1,188," Here are the first three names.  And by the way, this expression does not modify our original list.  It returns a new list.  So right after this print statement, if we print our original list, you can see that  it's not changed.",2904.84,2923.0
lecture1,189," So this is how we use lists in Python.  Earlier I told you that strengths in Python are objects.  Machine programming are kind of like objects in the real world, like your mobile phone,  your bicycle, the remote controller, your TV, and so on.  They have certain capabilities.",2923.0,2944.48
lecture1,190," So if we type a string here and then press dot, we can see all the functions or methods  available in a string object in Python.  Now lists are also objects.  So they have a bunch of methods for adding items or removing them and so on.  Let me show you.",2944.48,2959.6
lecture1,191," So I'm going to declare a list of numbers.  Let's say one, two, three, four, and five.  Now to add a new element at the end of this list, we can use the append method.  So we type numbers, that append, and here we type six.  Now let's print our list.",2959.6,2979.4
lecture1,192," So here's our updated list.  Beautiful.  Now what if you want to insert a number somewhere in the middle or at the beginning?  For that, we use the insert method.  So we're going to call the insert method.",2979.4,2992.92
lecture1,193," Now on the top, go to the view menu and look at parameter info.  Look at the shortcut on a Mac computer, it's command and P on Windows.  It's probably control and P. If we use this shortcut, we can see the values that this method  expects.  So the first value that this method expects is an index value and the type of this value",2992.92,3015.72
lecture1,194," is an integer.  So if I want to insert a value at the beginning of this list, I should pass zero as the index  of the first element.  So let's pass zero.  Now the second value is highlighted.",3015.72,3029.08
lecture1,195," So the second value is an object and the type of this is T. That basically means this  can be any type.  We can pass a number, we can pass a Boolean, we can pass a string, we can pass a list  or any type of objects in Python.  So I'm going to pass negative one.",3029.08,3045.32
lecture1,196, Now let's run our program and you can see negative one appeared at the beginning of  our list.  We also have a method for removing items.  So let's call remove three.  Let's run the program.,3045.32,3059.76
lecture1,197," Three is gone.  We only have one, two, four and five.  Now if you want to remove all the items in the list, we call the clear method.  So clear.  This method doesn't expect any values.",3059.76,3071.8
lecture1,198," So let's run our program.  Our list is empty.  But sometimes you want to know if a given item exists in our list or not.  To do that, we use the in operator.  So let's remove this line.",3071.8,3084.2
lecture1,199," Instead of printing our numbers list, I'm going to print an expression.  One in numbers.  So here we're using the in operator.  We're checking to see if one is in the numbers list.  So this is a Boolean expression.",3084.2,3098.48
lecture1,200," It returns a Boolean value.  Take a look.  So we get true.  Obviously, if you search for a value that doesn't exist in this list, like 10, we get false.  Okay?",3098.48,3110.92
lecture1,201," Now finally, there are times you want to know how many items you have in a list.  To do that, you can use the built-in LAN function.  So let's print LAN of numbers.  So LAN is a built-in function just like the print function.  That is why it's highlighted as purple.",3110.92,3129.08
lecture1,202," It returns the number of elements in a list.  Take a look.  So we have five elements in this list.  When writing Python programs, there are times you want to iterate over a list and access  each item individually.",3129.08,3147.6000000000004
lecture1,203," Let me show you.  So I'm going to declare a list of numbers.  One, two, three, four, five.  Now if you print this list, it comes out exactly like how we wrote it using the square  bracket notation.",3147.6000000000004,3161.2000000000003
lecture1,204, But what if we wanted to print each item on a separate line?  That is where we use the for loop.  Let me show you.  So we're not going to print the entire list.  Instead we're going to type four.,3161.2,3172.4
lecture1,205," Now we declare a variable, which is called a loop variable.  Let's call it item.  Then we type in numbers.  Next we add a colon to start a block of code.  So this is what we call a for loop.",3172.4,3186.68
lecture1,206," With this for loop, we can iterate over all the items in this list.  And each iteration, this item variable, is going to hold one value.  So in the first iteration, item is going to be equal to one.  And the second iteration is going to be equal to two and so on.  So now if we print item and run our program, we see each item on a new line.",3186.68,3208.88
lecture1,207," So this is how we use a for loop.  Now we could also achieve the same thing using a while loop, but our code would be a little  bit longer.  Let me show you.  So we would have to start by declaring a loop variable outside of our while loop.",3208.88,3222.44
lecture1,208," Let's say I, we set it to zero.  Now we say while I is less than, here we need to find out how many items we have in this  list.  So we use the length function, length of numbers.  So as long as I is less than the length of the list, print, now we can use the square bracket",3222.44,3242.32
lecture1,209," notation to get the element at this index.  So numbers of I.  Now we need to increment I, I, 1.  So I equals I plus 1.  Let's run the program and see what we get.",3242.32,3259.7200000000003
lecture1,210," So we get the numbers 1 to 5.  These are coming out from our for loop.  And then we get the numbers 1 to 5, 1 more time.  These are coming out from our while loop.  If you compare these two approaches, we can definitely see that the implementation using",3259.7200000000003,3272.84
lecture1,211," the for loop is shorter and easier to understand.  We don't have to use the square bracket notation.  We don't have to call the length function.  We don't have to declare a variable, a loop variable, and then incremented explicitly.  So with the for loop in each iteration, the item variable will automatically hold one",3272.84,3290.96
lecture1,212," value in this list.  In this tutorial, we're going to talk about the range function in Python.  Use the range function to generate a sequence of numbers.  Let me show you.  So we type range.",3290.96,3309.1200000000003
lecture1,213," This is a built-in function, just like the print and input functions.  Here we can pass a value like 5.  And this will return a range object.  A range object is an object that can store a sequence of numbers.  Let me show you.",3309.1200000000003,3322.48
lecture1,214," So let's call that numbers.  So this is a range object.  In this object, we're going to have the numbers 0 to 5, but excluding 5.  Now if we print numbers, we're going to see this message range of 0 to 5, not the  actual numbers, because this is the default representation of a range object.",3322.48,3345.52
lecture1,215," To see the actual numbers, we need to iterate over this range object using a for loop.  In the last video, you learned how to iterate over a list using a for loop, but we can  also iterate over a range object using a for loop.  Basically, we can use the for loop with any object that represents a sequence of objects.  So instead of printing numbers, we're going to use a for loop for number in numbers,",3345.52,3370.68
lecture1,216," colon, we've got a print number.  Take a look.  Now we see the numbers 0 to 4.  So range of 5 generates a sequence of numbers starting from 0 up to the number we specify  here.",3370.68,3388.44
lecture1,217," Now if we supply two values, the first value is going to be considered the starting value,  and the second value is going to be considered the ending value, and it's going to be excluded.  So range of 5 to 10 is going to generate the numbers 5 to 9.  Take a look.  There you go.",3388.44,3407.08
lecture1,218," Now we can also supply a third value, and that will be used as a step.  So let's say instead of having a sequence of numbers like 5, 6, 7, 8, 9, we want to  jump two numbers at a time, so 5, 7, 9, and so on.  So here we pass two as the step.  Take a look.",3407.08,3425.36
lecture1,219," So we get these odd numbers, 5, 7, and 9.  So this is the range function in Python.  Like quite often, you see the range function used as part of a for loop, because we don't  really need to store the result in a separate variable.  We can call the range function right here, where we are using the numbers variable.",3425.36,3444.88
lecture1,220," So we can type range of 5, and this will return a range object holding the numbers 0 to  4.  Take a look.  There you go.  So we don't really need to store the result in a separate variable like numbers.",3444.88,3458.7200000000003
lecture1,221," There you go.  In this tutorial, we're going to talk about topples in Python.  Tops are kind of like lists.  Use them to store a sequence of objects, but topples are immutable, which means we cannot  change them once we create them.",3458.7200000000003,3479.44
lecture1,222," Let me show you.  So I'm going to start by defining a list of numbers, 1, 2, 3.  Now we use square brackets to define a list and parentheses to define a topple.  So now this number is variable is storing a topple.  If we try to re-assign, let's say the first element, we're going to get an error.",3479.44,3500.68
lecture1,223," The first object does not support item assignment.  So this is what I meant by topples are immutable.  They're unchangeable.  Also, if we type numbers dot, you don't see any methods like append, insert, remove,  and so on.",3500.68,3517.04
lecture1,224," We only have count and index.  Count returns the number of occurrences of an element.  For example, if we have, let's say, two, three is in this topple and call count of three,  this will return two.  The other method we have here is index, and this returns the index of the first occurrence",3517.04,3536.8
lecture1,225," of the given element.  Now, these other methods you see here that start with an underscore, they're called magic  methods.  It's an advanced topic and I've covered it in detail in my complete Python programming  course.",3536.8,3549.56
lecture1,226," If you're interested, the link is down below this video.  So topples are immutable.  We cannot change them once we create them.  Now, practically speaking, most of the time you would be using lists, but there are times  that once you create a list of objects, you want to make sure that somewhere in your",3549.56,3564.1600000000003
lecture1,227," program, you or someone else is not going to accidentally modify that list.  If that's the case, then you should use a topple.  Hey, guys, I just wanted to let you know that I have an online coding school at code  with marsh.com, where you can find plenty of courses on web and mobile development.  In fact, I have a comprehensive Python course that teaches you everything about Python",3564.1600000000003,3585.32
lecture1,228," from the basics to more advanced concepts.  So after you watch this tutorial, if you want to learn more, you may want to look at my  Python course.  It comes with a 30-day money back guarantee and a certificate of completion you can add  to your resume.",3585.32,3596.92
lecture1,229," And guess your interest set, the link is below this video.  Hey, Marsh.  Hey, Marsh.  Hey, Marsh.  Hey, Marsh.",3596.92,3603.16
